{
	"credit": "Made with Blockbench",
	"textures": {
		"0": "template-mod:item/north",
		"1": "template-mod:item/south",
		"2": "template-mod:item/west",
		"3": "template-mod:item/east",
		"4": "template-mod:item/up",
		"5": "template-mod:item/down"
	},
	"elements": [
		{
			"name": "inscribed cuboid",
			"from": [6.59672, 0.125, 7.87685],
			"to": [9.40328, 15.875, 8.12315],
			"rotation": {"angle": 0, "axis": "y", "origin": [8, 8, 8]},
			"faces": {
				"north": {"uv": [6.59672, 0.125, 9.40328, 15.875], "texture": "#0"},
				"east": {"uv": [7.87685, 0.125, 8.12315, 15.875], "texture": "#3"},
				"south": {"uv": [6.59672, 0.125, 9.40328, 15.875], "texture": "#1"},
				"west": {"uv": [7.87685, 0.125, 8.12315, 15.875], "texture": "#2"},
				"up": {"uv": [6.59672, 7.87685, 9.40328, 8.12315], "texture": "#4"},
				"down": {"uv": [6.59672, 7.87685, 9.40328, 8.12315], "texture": "#5"}
			}
		},
		{
			"name": "inscribed cuboid",
			"from": [6.81162, 0.3125, 6.13182],
			"to": [9.18838, 15.6875, 9.86818],
			"rotation": {"angle": 0, "axis": "y", "origin": [8, 8, 8]},
			"faces": {
				"north": {"uv": [6.81162, 0.3125, 9.18838, 15.6875], "texture": "#0"},
				"east": {"uv": [6.13182, 0.3125, 9.86818, 15.6875], "texture": "#3"},
				"south": {"uv": [6.81162, 0.3125, 9.18838, 15.6875], "texture": "#1"},
				"west": {"uv": [6.13182, 0.3125, 9.86818, 15.6875], "texture": "#2"},
				"up": {"uv": [6.81162, 6.13182, 9.18838, 9.86818], "texture": "#4"},
				"down": {"uv": [6.81162, 6.13182, 9.18838, 9.86818], "texture": "#5"}
			}
		},
		{
			"name": "inscribed cuboid",
			"from": [5.19232, 0.625, 6.68612],
			"to": [10.80768, 15.375, 9.31388],
			"rotation": {"angle": 0, "axis": "y", "origin": [8, 8, 8]},
			"faces": {
				"north": {"uv": [5.19232, 0.625, 10.80768, 15.375], "texture": "#0"},
				"east": {"uv": [6.68612, 0.625, 9.31388, 15.375], "texture": "#3"},
				"south": {"uv": [5.19232, 0.625, 10.80768, 15.375], "texture": "#1"},
				"west": {"uv": [6.68612, 0.625, 9.31388, 15.375], "texture": "#2"},
				"up": {"uv": [5.19232, 6.68612, 10.80768, 9.31388], "texture": "#4"},
				"down": {"uv": [5.19232, 6.68612, 10.80768, 9.31388], "texture": "#5"}
			}
		},
		{
			"name": "inscribed cuboid",
			"from": [7.24573, 0.8125, 4.56912],
			"to": [8.75427, 15.1875, 11.43088],
			"rotation": {"angle": 0, "axis": "y", "origin": [8, 8, 8]},
			"faces": {
				"north": {"uv": [7.24573, 0.8125, 8.75427, 15.1875], "texture": "#0"},
				"east": {"uv": [4.56912, 0.8125, 11.43088, 15.1875], "texture": "#3"},
				"south": {"uv": [7.24573, 0.8125, 8.75427, 15.1875], "texture": "#1"},
				"west": {"uv": [4.56912, 0.8125, 11.43088, 15.1875], "texture": "#2"},
				"up": {"uv": [7.24573, 4.56912, 8.75427, 11.43088], "texture": "#4"},
				"down": {"uv": [7.24573, 4.56912, 8.75427, 11.43088], "texture": "#5"}
			}
		},
		{
			"name": "inscribed cuboid",
			"from": [5.11445, 1.125, 5.10034],
			"to": [10.88555, 14.875, 10.89966],
			"rotation": {"angle": 0, "axis": "y", "origin": [8, 8, 8]},
			"faces": {
				"north": {"uv": [5.11445, 1.125, 10.88555, 14.875], "texture": "#0"},
				"east": {"uv": [5.10034, 1.125, 10.89966, 14.875], "texture": "#3"},
				"south": {"uv": [5.11445, 1.125, 10.88555, 14.875], "texture": "#1"},
				"west": {"uv": [5.10034, 1.125, 10.89966, 14.875], "texture": "#2"},
				"up": {"uv": [5.11445, 5.10034, 10.88555, 10.89966], "texture": "#4"},
				"down": {"uv": [5.11445, 5.10034, 10.88555, 10.89966], "texture": "#5"}
			}
		},
		{
			"name": "inscribed cuboid",
			"from": [3.53624, 1.4375, 6.9958],
			"to": [12.46376, 14.5625, 9.0042],
			"rotation": {"angle": 0, "axis": "y", "origin": [8, 8, 8]},
			"faces": {
				"north": {"uv": [3.53624, 1.4375, 12.46376, 14.5625], "texture": "#0"},
				"east": {"uv": [6.9958, 1.4375, 9.0042, 14.5625], "texture": "#3"},
				"south": {"uv": [3.53624, 1.4375, 12.46376, 14.5625], "texture": "#1"},
				"west": {"uv": [6.9958, 1.4375, 9.0042, 14.5625], "texture": "#2"},
				"up": {"uv": [3.53624, 6.9958, 12.46376, 9.0042], "texture": "#4"},
				"down": {"uv": [3.53624, 6.9958, 12.46376, 9.0042], "texture": "#5"}
			}
		},
		{
			"name": "inscribed cuboid",
			"from": [5.97287, 1.625, 3.61251],
			"to": [10.02713, 14.375, 12.38749],
			"rotation": {"angle": 0, "axis": "y", "origin": [8, 8, 8]},
			"faces": {
				"north": {"uv": [5.97287, 1.625, 10.02713, 14.375], "texture": "#0"},
				"east": {"uv": [3.61251, 1.625, 12.38749, 14.375], "texture": "#3"},
				"south": {"uv": [5.97287, 1.625, 10.02713, 14.375], "texture": "#1"},
				"west": {"uv": [3.61251, 1.625, 12.38749, 14.375], "texture": "#2"},
				"up": {"uv": [5.97287, 3.61251, 10.02713, 12.38749], "texture": "#4"},
				"down": {"uv": [5.97287, 3.61251, 10.02713, 12.38749], "texture": "#5"}
			}
		},
		{
			"name": "inscribed cuboid",
			"from": [3.6095, 1.9375, 5.17695],
			"to": [12.3905, 14.0625, 10.82305],
			"rotation": {"angle": 0, "axis": "y", "origin": [8, 8, 8]},
			"faces": {
				"north": {"uv": [3.6095, 1.9375, 12.3905, 14.0625], "texture": "#0"},
				"east": {"uv": [5.17695, 1.9375, 10.82305, 14.0625], "texture": "#3"},
				"south": {"uv": [3.6095, 1.9375, 12.3905, 14.0625], "texture": "#1"},
				"west": {"uv": [5.17695, 1.9375, 10.82305, 14.0625], "texture": "#2"},
				"up": {"uv": [3.6095, 5.17695, 12.3905, 10.82305], "texture": "#4"},
				"down": {"uv": [3.6095, 5.17695, 12.3905, 10.82305], "texture": "#5"}
			}
		},
		{
			"name": "inscribed cuboid",
			"from": [7.55168, 2.125, 2.58859],
			"to": [8.44832, 13.875, 13.41141],
			"rotation": {"angle": 0, "axis": "y", "origin": [8, 8, 8]},
			"faces": {
				"north": {"uv": [7.55168, 2.125, 8.44832, 13.875], "texture": "#0"},
				"east": {"uv": [2.58859, 2.125, 13.41141, 13.875], "texture": "#3"},
				"south": {"uv": [7.55168, 2.125, 8.44832, 13.875], "texture": "#1"},
				"west": {"uv": [2.58859, 2.125, 13.41141, 13.875], "texture": "#2"},
				"up": {"uv": [7.55168, 2.58859, 8.44832, 13.41141], "texture": "#4"},
				"down": {"uv": [7.55168, 2.58859, 8.44832, 13.41141], "texture": "#5"}
			}
		},
		{
			"name": "inscribed cuboid",
			"from": [2.43792, 2.25, 7.97287],
			"to": [13.56208, 13.75, 8.02713],
			"rotation": {"angle": 0, "axis": "y", "origin": [8, 8, 8]},
			"faces": {
				"north": {"uv": [2.43792, 2.25, 13.56208, 13.75], "texture": "#0"},
				"east": {"uv": [7.97287, 2.25, 8.02713, 13.75], "texture": "#3"},
				"south": {"uv": [2.43792, 2.25, 13.56208, 13.75], "texture": "#1"},
				"west": {"uv": [7.97287, 2.25, 8.02713, 13.75], "texture": "#2"},
				"up": {"uv": [2.43792, 7.97287, 13.56208, 8.02713], "texture": "#4"},
				"down": {"uv": [2.43792, 7.97287, 13.56208, 8.02713], "texture": "#5"}
			}
		},
		{
			"name": "inscribed cuboid",
			"from": [4.52398, 2.4375, 3.42005],
			"to": [11.47602, 13.5625, 12.57995],
			"rotation": {"angle": 0, "axis": "y", "origin": [8, 8, 8]},
			"faces": {
				"north": {"uv": [4.52398, 2.4375, 11.47602, 13.5625], "texture": "#0"},
				"east": {"uv": [3.42005, 2.4375, 12.57995, 13.5625], "texture": "#3"},
				"south": {"uv": [4.52398, 2.4375, 11.47602, 13.5625], "texture": "#1"},
				"west": {"uv": [3.42005, 2.4375, 12.57995, 13.5625], "texture": "#2"},
				"up": {"uv": [4.52398, 3.42005, 11.47602, 12.57995], "texture": "#4"},
				"down": {"uv": [4.52398, 3.42005, 11.47602, 12.57995], "texture": "#5"}
			}
		},
		{
			"name": "inscribed cuboid",
			"from": [2.3401, 2.75, 5.90166],
			"to": [13.6599, 13.25, 10.09834],
			"rotation": {"angle": 0, "axis": "y", "origin": [8, 8, 8]},
			"faces": {
				"north": {"uv": [2.3401, 2.75, 13.6599, 13.25], "texture": "#0"},
				"east": {"uv": [5.90166, 2.75, 10.09834, 13.25], "texture": "#3"},
				"south": {"uv": [2.3401, 2.75, 13.6599, 13.25], "texture": "#1"},
				"west": {"uv": [5.90166, 2.75, 10.09834, 13.25], "texture": "#2"},
				"up": {"uv": [2.3401, 5.90166, 13.6599, 10.09834], "texture": "#4"},
				"down": {"uv": [2.3401, 5.90166, 13.6599, 10.09834], "texture": "#5"}
			}
		},
		{
			"name": "inscribed cuboid",
			"from": [6.17496, 2.9375, 2.08051],
			"to": [9.82504, 13.0625, 13.91949],
			"rotation": {"angle": 0, "axis": "y", "origin": [8, 8, 8]},
			"faces": {
				"north": {"uv": [6.17496, 2.9375, 9.82504, 13.0625], "texture": "#0"},
				"east": {"uv": [2.08051, 2.9375, 13.91949, 13.0625], "texture": "#3"},
				"south": {"uv": [6.17496, 2.9375, 9.82504, 13.0625], "texture": "#1"},
				"west": {"uv": [2.08051, 2.9375, 13.91949, 13.0625], "texture": "#2"},
				"up": {"uv": [6.17496, 2.08051, 9.82504, 13.91949], "texture": "#4"},
				"down": {"uv": [6.17496, 2.08051, 9.82504, 13.91949], "texture": "#5"}
			}
		},
		{
			"name": "inscribed cuboid",
			"from": [3.0981, 3.25, 3.82761],
			"to": [12.9019, 12.75, 12.17239],
			"rotation": {"angle": 0, "axis": "y", "origin": [8, 8, 8]},
			"faces": {
				"north": {"uv": [3.0981, 3.25, 12.9019, 12.75], "texture": "#0"},
				"east": {"uv": [3.82761, 3.25, 12.17239, 12.75], "texture": "#3"},
				"south": {"uv": [3.0981, 3.25, 12.9019, 12.75], "texture": "#1"},
				"west": {"uv": [3.82761, 3.25, 12.17239, 12.75], "texture": "#2"},
				"up": {"uv": [3.0981, 3.82761, 12.9019, 12.17239], "texture": "#4"},
				"down": {"uv": [3.0981, 3.82761, 12.9019, 12.17239], "texture": "#5"}
			}
		},
		{
			"name": "inscribed cuboid",
			"from": [1.40738, 3.5625, 7.08021],
			"to": [14.59262, 12.4375, 8.91979],
			"rotation": {"angle": 0, "axis": "y", "origin": [8, 8, 8]},
			"faces": {
				"north": {"uv": [1.40738, 3.5625, 14.59262, 12.4375], "texture": "#0"},
				"east": {"uv": [7.08021, 3.5625, 8.91979, 12.4375], "texture": "#3"},
				"south": {"uv": [1.40738, 3.5625, 14.59262, 12.4375], "texture": "#1"},
				"west": {"uv": [7.08021, 3.5625, 8.91979, 12.4375], "texture": "#2"},
				"up": {"uv": [1.40738, 7.08021, 14.59262, 8.91979], "texture": "#4"},
				"down": {"uv": [1.40738, 7.08021, 14.59262, 8.91979], "texture": "#5"}
			}
		},
		{
			"name": "inscribed cuboid",
			"from": [4.65897, 3.75, 2.10296],
			"to": [11.34103, 12.25, 13.89704],
			"rotation": {"angle": 0, "axis": "y", "origin": [8, 8, 8]},
			"faces": {
				"north": {"uv": [4.65897, 3.75, 11.34103, 12.25], "texture": "#0"},
				"east": {"uv": [2.10296, 3.75, 13.89704, 12.25], "texture": "#3"},
				"south": {"uv": [4.65897, 3.75, 11.34103, 12.25], "texture": "#1"},
				"west": {"uv": [2.10296, 3.75, 13.89704, 12.25], "texture": "#2"},
				"up": {"uv": [4.65897, 2.10296, 11.34103, 13.89704], "texture": "#4"},
				"down": {"uv": [4.65897, 2.10296, 11.34103, 13.89704], "texture": "#5"}
			}
		},
		{
			"name": "inscribed cuboid",
			"from": [1.8515, 4.0625, 4.73014],
			"to": [14.1485, 11.9375, 11.26986],
			"rotation": {"angle": 0, "axis": "y", "origin": [8, 8, 8]},
			"faces": {
				"north": {"uv": [1.8515, 4.0625, 14.1485, 11.9375], "texture": "#0"},
				"east": {"uv": [4.73014, 4.0625, 11.26986, 11.9375], "texture": "#3"},
				"south": {"uv": [1.8515, 4.0625, 14.1485, 11.9375], "texture": "#1"},
				"west": {"uv": [4.73014, 4.0625, 11.26986, 11.9375], "texture": "#2"},
				"up": {"uv": [1.8515, 4.73014, 14.1485, 11.26986], "texture": "#4"},
				"down": {"uv": [1.8515, 4.73014, 14.1485, 11.26986], "texture": "#5"}
			}
		},
		{
			"name": "inscribed cuboid",
			"from": [6.83707, 4.25, 1.0297],
			"to": [9.16293, 11.75, 14.9703],
			"rotation": {"angle": 0, "axis": "y", "origin": [8, 8, 8]},
			"faces": {
				"north": {"uv": [6.83707, 4.25, 9.16293, 11.75], "texture": "#0"},
				"east": {"uv": [1.0297, 4.25, 14.9703, 11.75], "texture": "#3"},
				"south": {"uv": [6.83707, 4.25, 9.16293, 11.75], "texture": "#1"},
				"west": {"uv": [1.0297, 4.25, 14.9703, 11.75], "texture": "#2"},
				"up": {"uv": [6.83707, 1.0297, 9.16293, 14.9703], "texture": "#4"},
				"down": {"uv": [6.83707, 1.0297, 9.16293, 14.9703], "texture": "#5"}
			}
		},
		{
			"name": "inscribed cuboid",
			"from": [3.17258, 4.5625, 2.62602],
			"to": [12.82742, 11.4375, 13.37398],
			"rotation": {"angle": 0, "axis": "y", "origin": [8, 8, 8]},
			"faces": {
				"north": {"uv": [3.17258, 4.5625, 12.82742, 11.4375], "texture": "#0"},
				"east": {"uv": [2.62602, 4.5625, 13.37398, 11.4375], "texture": "#3"},
				"south": {"uv": [3.17258, 4.5625, 12.82742, 11.4375], "texture": "#1"},
				"west": {"uv": [2.62602, 4.5625, 13.37398, 11.4375], "texture": "#2"},
				"up": {"uv": [3.17258, 2.62602, 12.82742, 13.37398], "texture": "#4"},
				"down": {"uv": [3.17258, 2.62602, 12.82742, 13.37398], "texture": "#5"}
			}
		},
		{
			"name": "inscribed cuboid",
			"from": [0.90708, 4.875, 6.01887],
			"to": [15.09292, 11.125, 9.98113],
			"rotation": {"angle": 0, "axis": "y", "origin": [8, 8, 8]},
			"faces": {
				"north": {"uv": [0.90708, 4.875, 15.09292, 11.125], "texture": "#0"},
				"east": {"uv": [6.01887, 4.875, 9.98113, 11.125], "texture": "#3"},
				"south": {"uv": [0.90708, 4.875, 15.09292, 11.125], "texture": "#1"},
				"west": {"uv": [6.01887, 4.875, 9.98113, 11.125], "texture": "#2"},
				"up": {"uv": [0.90708, 6.01887, 15.09292, 9.98113], "texture": "#4"},
				"down": {"uv": [0.90708, 6.01887, 15.09292, 9.98113], "texture": "#5"}
			}
		},
		{
			"name": "inscribed cuboid",
			"from": [5.22801, 5.0625, 1.09441],
			"to": [10.77199, 10.9375, 14.90559],
			"rotation": {"angle": 0, "axis": "y", "origin": [8, 8, 8]},
			"faces": {
				"north": {"uv": [5.22801, 5.0625, 10.77199, 10.9375], "texture": "#0"},
				"east": {"uv": [1.09441, 5.0625, 14.90559, 10.9375], "texture": "#3"},
				"south": {"uv": [5.22801, 5.0625, 10.77199, 10.9375], "texture": "#1"},
				"west": {"uv": [1.09441, 5.0625, 14.90559, 10.9375], "texture": "#2"},
				"up": {"uv": [5.22801, 1.09441, 10.77199, 14.90559], "texture": "#4"},
				"down": {"uv": [5.22801, 1.09441, 10.77199, 14.90559], "texture": "#5"}
			}
		},
		{
			"name": "inscribed cuboid",
			"from": [1.86054, 5.375, 3.5936],
			"to": [14.13946, 10.625, 12.4064],
			"rotation": {"angle": 0, "axis": "y", "origin": [8, 8, 8]},
			"faces": {
				"north": {"uv": [1.86054, 5.375, 14.13946, 10.625], "texture": "#0"},
				"east": {"uv": [3.5936, 5.375, 12.4064, 10.625], "texture": "#3"},
				"south": {"uv": [1.86054, 5.375, 14.13946, 10.625], "texture": "#1"},
				"west": {"uv": [3.5936, 5.375, 12.4064, 10.625], "texture": "#2"},
				"up": {"uv": [1.86054, 3.5936, 14.13946, 12.4064], "texture": "#4"},
				"down": {"uv": [1.86054, 3.5936, 14.13946, 12.4064], "texture": "#5"}
			}
		},
		{
			"name": "inscribed cuboid",
			"from": [7.75947, 5.5625, 0.38418],
			"to": [8.24053, 10.4375, 15.61582],
			"rotation": {"angle": 0, "axis": "y", "origin": [8, 8, 8]},
			"faces": {
				"north": {"uv": [7.75947, 5.5625, 8.24053, 10.4375], "texture": "#0"},
				"east": {"uv": [0.38418, 5.5625, 15.61582, 10.4375], "texture": "#3"},
				"south": {"uv": [7.75947, 5.5625, 8.24053, 10.4375], "texture": "#1"},
				"west": {"uv": [0.38418, 5.5625, 15.61582, 10.4375], "texture": "#2"},
				"up": {"uv": [7.75947, 0.38418, 8.24053, 15.61582], "texture": "#4"},
				"down": {"uv": [7.75947, 0.38418, 8.24053, 15.61582], "texture": "#5"}
			}
		},
		{
			"name": "inscribed cuboid",
			"from": [0.35351, 5.6875, 7.57162],
			"to": [15.64649, 10.3125, 8.42838],
			"rotation": {"angle": 0, "axis": "y", "origin": [8, 8, 8]},
			"faces": {
				"north": {"uv": [0.35351, 5.6875, 15.64649, 10.3125], "texture": "#0"},
				"east": {"uv": [7.57162, 5.6875, 8.42838, 10.3125], "texture": "#3"},
				"south": {"uv": [0.35351, 5.6875, 15.64649, 10.3125], "texture": "#1"},
				"west": {"uv": [7.57162, 5.6875, 8.42838, 10.3125], "texture": "#2"},
				"up": {"uv": [0.35351, 7.57162, 15.64649, 8.42838], "texture": "#4"},
				"down": {"uv": [0.35351, 7.57162, 15.64649, 8.42838], "texture": "#5"}
			}
		},
		{
			"name": "inscribed cuboid",
			"from": [3.65706, 5.875, 1.62636],
			"to": [12.34294, 10.125, 14.37364],
			"rotation": {"angle": 0, "axis": "y", "origin": [8, 8, 8]},
			"faces": {
				"north": {"uv": [3.65706, 5.875, 12.34294, 10.125], "texture": "#0"},
				"east": {"uv": [1.62636, 5.875, 14.37364, 10.125], "texture": "#3"},
				"south": {"uv": [3.65706, 5.875, 12.34294, 10.125], "texture": "#1"},
				"west": {"uv": [1.62636, 5.875, 14.37364, 10.125], "texture": "#2"},
				"up": {"uv": [3.65706, 1.62636, 12.34294, 14.37364], "texture": "#4"},
				"down": {"uv": [3.65706, 1.62636, 12.34294, 14.37364], "texture": "#5"}
			}
		},
		{
			"name": "inscribed cuboid",
			"from": [0.8418, 6.1875, 4.92184],
			"to": [15.1582, 9.8125, 11.07816],
			"rotation": {"angle": 0, "axis": "y", "origin": [8, 8, 8]},
			"faces": {
				"north": {"uv": [0.8418, 6.1875, 15.1582, 9.8125], "texture": "#0"},
				"east": {"uv": [4.92184, 6.1875, 11.07816, 9.8125], "texture": "#3"},
				"south": {"uv": [0.8418, 6.1875, 15.1582, 9.8125], "texture": "#1"},
				"west": {"uv": [4.92184, 6.1875, 11.07816, 9.8125], "texture": "#2"},
				"up": {"uv": [0.8418, 4.92184, 15.1582, 11.07816], "texture": "#4"},
				"down": {"uv": [0.8418, 4.92184, 15.1582, 11.07816], "texture": "#5"}
			}
		},
		{
			"name": "inscribed cuboid",
			"from": [6.07738, 6.375, 0.40639],
			"to": [9.92262, 9.625, 15.59361],
			"rotation": {"angle": 0, "axis": "y", "origin": [8, 8, 8]},
			"faces": {
				"north": {"uv": [6.07738, 6.375, 9.92262, 9.625], "texture": "#0"},
				"east": {"uv": [0.40639, 6.375, 15.59361, 9.625], "texture": "#3"},
				"south": {"uv": [6.07738, 6.375, 9.92262, 9.625], "texture": "#1"},
				"west": {"uv": [0.40639, 6.375, 15.59361, 9.625], "texture": "#2"},
				"up": {"uv": [6.07738, 0.40639, 9.92262, 15.59361], "texture": "#4"},
				"down": {"uv": [6.07738, 0.40639, 9.92262, 15.59361], "texture": "#5"}
			}
		},
		{
			"name": "inscribed cuboid",
			"from": [2.25961, 6.6875, 2.58471],
			"to": [13.74039, 9.3125, 13.41529],
			"rotation": {"angle": 0, "axis": "y", "origin": [8, 8, 8]},
			"faces": {
				"north": {"uv": [2.25961, 6.6875, 13.74039, 9.3125], "texture": "#0"},
				"east": {"uv": [2.58471, 6.6875, 13.41529, 9.3125], "texture": "#3"},
				"south": {"uv": [2.25961, 6.6875, 13.74039, 9.3125], "texture": "#1"},
				"west": {"uv": [2.58471, 6.6875, 13.41529, 9.3125], "texture": "#2"},
				"up": {"uv": [2.25961, 2.58471, 13.74039, 13.41529], "texture": "#4"},
				"down": {"uv": [2.25961, 2.58471, 13.74039, 13.41529], "texture": "#5"}
			}
		},
		{
			"name": "inscribed cuboid",
			"from": [0.20515, 7, 6.50324],
			"to": [15.79485, 9, 9.49676],
			"rotation": {"angle": 0, "axis": "y", "origin": [8, 8, 8]},
			"faces": {
				"north": {"uv": [0.20515, 7, 15.79485, 9], "texture": "#0"},
				"east": {"uv": [6.50324, 7, 9.49676, 9], "texture": "#3"},
				"south": {"uv": [0.20515, 7, 15.79485, 9], "texture": "#1"},
				"west": {"uv": [6.50324, 7, 9.49676, 9], "texture": "#2"},
				"up": {"uv": [0.20515, 6.50324, 15.79485, 9.49676], "texture": "#4"},
				"down": {"uv": [0.20515, 6.50324, 15.79485, 9.49676], "texture": "#5"}
			}
		},
		{
			"name": "inscribed cuboid",
			"from": [4.43556, 7.1875, 0.8842],
			"to": [11.56444, 8.8125, 15.1158],
			"rotation": {"angle": 0, "axis": "y", "origin": [8, 8, 8]},
			"faces": {
				"north": {"uv": [4.43556, 7.1875, 11.56444, 8.8125], "texture": "#0"},
				"east": {"uv": [0.8842, 7.1875, 15.1158, 8.8125], "texture": "#3"},
				"south": {"uv": [4.43556, 7.1875, 11.56444, 8.8125], "texture": "#1"},
				"west": {"uv": [0.8842, 7.1875, 15.1158, 8.8125], "texture": "#2"},
				"up": {"uv": [4.43556, 0.8842, 11.56444, 15.1158], "texture": "#4"},
				"down": {"uv": [4.43556, 0.8842, 11.56444, 15.1158], "texture": "#5"}
			}
		},
		{
			"name": "inscribed cuboid",
			"from": [1.15117, 7.5, 3.89591],
			"to": [14.84883, 8.5, 12.10409],
			"rotation": {"angle": 0, "axis": "y", "origin": [8, 8, 8]},
			"faces": {
				"north": {"uv": [1.15117, 7.5, 14.84883, 8.5], "texture": "#0"},
				"east": {"uv": [3.89591, 7.5, 12.10409, 8.5], "texture": "#3"},
				"south": {"uv": [1.15117, 7.5, 14.84883, 8.5], "texture": "#1"},
				"west": {"uv": [3.89591, 7.5, 12.10409, 8.5], "texture": "#2"},
				"up": {"uv": [1.15117, 3.89591, 14.84883, 12.10409], "texture": "#4"},
				"down": {"uv": [1.15117, 3.89591, 14.84883, 12.10409], "texture": "#5"}
			}
		},
		{
			"name": "inscribed cuboid",
			"from": [7.08882, 7.6875, 0.05821],
			"to": [8.91118, 8.3125, 15.94179],
			"rotation": {"angle": 0, "axis": "y", "origin": [8, 8, 8]},
			"faces": {
				"north": {"uv": [7.08882, 7.6875, 8.91118, 8.3125], "texture": "#0"},
				"east": {"uv": [0.05821, 7.6875, 15.94179, 8.3125], "texture": "#3"},
				"south": {"uv": [7.08882, 7.6875, 8.91118, 8.3125], "texture": "#1"},
				"west": {"uv": [0.05821, 7.6875, 15.94179, 8.3125], "texture": "#2"},
				"up": {"uv": [7.08882, 0.05821, 8.91118, 15.94179], "texture": "#4"},
				"down": {"uv": [7.08882, 0.05821, 8.91118, 15.94179], "texture": "#5"}
			}
		}
	],
	"groups": [
		{
			"name": "sphere",
			"origin": [8, 8, 8],
			"color": 0,
			"children": [0, 1, 2, 3, 4, 5, 6, 7, 8, 9, 10, 11, 12, 13, 14, 15, 16, 17, 18, 19, 20, 21, 22, 23, 24, 25, 26, 27, 28, 29, 30, 31]
		}
	]
}